cluster_id,recency,frequency,monetary,avg_order_value
0,387.65853002849616,1.0,129.87327195010485,129.87327195010485
1,128.27099841521394,1.0,132.14628882725833,132.14628882725833
2,220.44372294372295,2.1143578643578644,289.6802525252525,136.7456390120021
3,243.1173030615755,1.0106639146886824,1072.4793532851736,1061.5245020639834
