metric,value
mae,395576.7945765023
rmse,428936.5654766997
