forecast_month,predicted_revenue
2018-09,1724063.5571995818
2018-10,1503385.3208885726
2018-11,1801328.2721945706
