cluster_id,recency,frequency,monetary,avg_order_value
0,238.23107956753296,1.0,130.21334510503095,130.21334510503095
1,220.44372294372295,2.1143578643578644,289.6802525252525,136.7456390120021
2,245.29996760609006,1.0100421120829284,1045.0472432782637,1034.7311588921282
