model_name,mae,rmse,r2
random_forest,50221.05341570746,56085.603261518954,-0.06734115973704635
gradient_boosting,54558.25157962035,64348.889867290745,-0.4050202519729731
linear_regression,395576.7945765023,428936.5654766997,-61.42903277590817
