model_name,n_clusters,silhouette_score,inertia
kmeans_3,3,0.7180140559042736,196808.26282563253
kmeans_5,5,0.4678112734064992,104964.29819271372
kmeans_4,4,0.44758301203781325,135050.69331916666
kmeans_6,6,0.3914610344275958,90880.40878864093
